,game_id,week,home_team,predicted_home_score,away_team,predicted_away_score,predicted_spread,vegas_line_home,home_odds,vegas_line_away,away_odds,bets
0,2020010400,18,HOU,18.611405841566988,BUF,24.042983512842543,5.431577671275555,,,,,--
1,2020010401,18,NE,20.582281672260567,TEN,27.574109278678495,6.991827606417928,,,,,--
2,2020010500,18,NO,27.281880758827366,MIN,22.9992740028818,-4.282606755945565,,,,,--
3,2020010501,18,PHI,25.493272365427284,SEA,23.816288682471946,-1.6769836829553384,,,,,--
