,game_id,week,home_team,predicted_home_score,away_team,predicted_away_score,predicted_spread,vegas_line_home,home_odds,vegas_line_away,away_odds,bets
0,2020010400,18,HOU,18.894778049999896,BUF,22.210348640718482,3.315570590718586,-3.0,HOU: 100,3.0,BUF: -120,BUF
1,2020010401,18,NE,22.91001628150614,TEN,26.407030284847732,3.49701400334159,-5.0,NE: -110,5.0,TEN: -110,TEN
2,2020010500,18,NO,26.700914278242205,MIN,21.891229101600256,-4.809685176641949,-7.5,NO: -110,7.5,MIN: -110,MIN
3,2020010501,18,PHI,27.59597076517475,SEA,18.50584785521964,-9.090122909955113,1.5,PHI: -110,-1.5,SEA: -110,PHI
